INSERT INTO `united_front`.`t_subject` (`ID`, `CREATEDATE`, `LASTMODIFIEDTIME`, `VERSION`, `NAME`, `SUBJECT_TYPE`, `CODE`) VALUES ('402881916b9d3031016b9d626593000c', '20190628171959', '20190628171959', '0', '分院党组织', '1', '1');
INSERT INTO `united_front`.`t_subject` (`ID`, `CREATEDATE`, `LASTMODIFIEDTIME`, `VERSION`, `NAME`, `SUBJECT_TYPE`, `CODE`) VALUES ('bfc5bd62010f467cbbe98c9e4741733b', '20190628000000', '20190628000000', '0', '富阳人民医院', '1', '0');
INSERT INTO `united_front`.`t_user` (`ID`, `CREATEDATE`, `LASTMODIFIEDTIME`, `VERSION`, `ACCOUNT`, `NAME`, `PASSWORD`, `SALT`, `SEX`, `STATUS`, `REMARK`, `CODE`) VALUES ('0a4179fc06cb49e3ac0db7bcc8cf0882', '20190517111111', '20190517111111', '0', 'admin', '管理员', 'b356a1a11a067620275401a5a3de04300bf0c47267071e06', '3a10624a300f4670', '0', '0', '未填写', '');

INSERT INTO `united_front`.`t_group` (`ID`, `CREATEDATE`, `LASTMODIFIEDTIME`, `VERSION`, `NAME`, `REMARK`, `SUBJECTID`, `USERID`, `FATHERID`, `CODE`) VALUES ('402881916b9d3031016b9d63a172000d', '20190628172120', '20190628172120', '0', '行政支部', NULL, 'bfc5bd62010f467cbbe98c9e4741733b', NULL, NULL, '0');
INSERT INTO `united_front`.`t_group` (`ID`, `CREATEDATE`, `LASTMODIFIEDTIME`, `VERSION`, `NAME`, `REMARK`, `SUBJECTID`, `USERID`, `FATHERID`, `CODE`) VALUES ('402881916b9d3031016b9d63d7af000e', '20190628172134', '20190628172134', '0', '后勤支部', NULL, 'bfc5bd62010f467cbbe98c9e4741733b', NULL, NULL, '1');
INSERT INTO `united_front`.`t_group` (`ID`, `CREATEDATE`, `LASTMODIFIEDTIME`, `VERSION`, `NAME`, `REMARK`, `SUBJECTID`, `USERID`, `FATHERID`, `CODE`) VALUES ('402881916b9d3031016b9d706b4e0012', '20190628173518', '20190628173518', '0', '内科一支部', NULL, 'bfc5bd62010f467cbbe98c9e4741733b', NULL, NULL, '2');
INSERT INTO `united_front`.`t_group` (`ID`, `CREATEDATE`, `LASTMODIFIEDTIME`, `VERSION`, `NAME`, `REMARK`, `SUBJECTID`, `USERID`, `FATHERID`, `CODE`) VALUES ('402881916b9d3031016b9d708a710013', '20190628173526', '20190628173526', '0', '内科二支部', NULL, 'bfc5bd62010f467cbbe98c9e4741733b', NULL, NULL, '3');
INSERT INTO `united_front`.`t_group` (`ID`, `CREATEDATE`, `LASTMODIFIEDTIME`, `VERSION`, `NAME`, `REMARK`, `SUBJECTID`, `USERID`, `FATHERID`, `CODE`) VALUES ('402881916b9d3031016b9d70b2510014', '20190628173537', '20190628173537', '0', '外科一支部', NULL, 'bfc5bd62010f467cbbe98c9e4741733b', NULL, NULL, '4');
INSERT INTO `united_front`.`t_group` (`ID`, `CREATEDATE`, `LASTMODIFIEDTIME`, `VERSION`, `NAME`, `REMARK`, `SUBJECTID`, `USERID`, `FATHERID`, `CODE`) VALUES ('402881916b9d3031016b9d70de800015', '20190628173548', '20190628173548', '0', '外科二支部', NULL, 'bfc5bd62010f467cbbe98c9e4741733b', NULL, NULL, '5');
INSERT INTO `united_front`.`t_group` (`ID`, `CREATEDATE`, `LASTMODIFIEDTIME`, `VERSION`, `NAME`, `REMARK`, `SUBJECTID`, `USERID`, `FATHERID`, `CODE`) VALUES ('402881916b9d3031016b9d70ff540016', '20190628173556', '20190628173556', '0', '医技支部', NULL, 'bfc5bd62010f467cbbe98c9e4741733b', NULL, NULL, '6');
INSERT INTO `united_front`.`t_group` (`ID`, `CREATEDATE`, `LASTMODIFIEDTIME`, `VERSION`, `NAME`, `REMARK`, `SUBJECTID`, `USERID`, `FATHERID`, `CODE`) VALUES ('402881916b9d3031016b9d7124b30017', '20190628173606', '20190628173606', '0', '退休一支部', NULL, 'bfc5bd62010f467cbbe98c9e4741733b', NULL, NULL, '7');
INSERT INTO `united_front`.`t_group` (`ID`, `CREATEDATE`, `LASTMODIFIEDTIME`, `VERSION`, `NAME`, `REMARK`, `SUBJECTID`, `USERID`, `FATHERID`, `CODE`) VALUES ('402881916b9d3031016b9d7146d10018', '20190628173615', '20190628173615', '0', '退休二支部', NULL, 'bfc5bd62010f467cbbe98c9e4741733b', NULL, NULL, '8');
INSERT INTO `united_front`.`t_group` (`ID`, `CREATEDATE`, `LASTMODIFIEDTIME`, `VERSION`, `NAME`, `REMARK`, `SUBJECTID`, `USERID`, `FATHERID`, `CODE`) VALUES ('402881916b9d3031016b9d71e7dc0019', '20190628173656', '20190628173656', '0', '场口分院党支部', NULL, '402881916b9d3031016b9d626593000c', NULL, NULL, '9');
INSERT INTO `united_front`.`t_group` (`ID`, `CREATEDATE`, `LASTMODIFIEDTIME`, `VERSION`, `NAME`, `REMARK`, `SUBJECTID`, `USERID`, `FATHERID`, `CODE`) VALUES ('402881916b9d3031016b9d721c9d001a', '20190628173709', '20190628173709', '0', '富春分院党支部', NULL, '402881916b9d3031016b9d626593000c', NULL, NULL, '10');
INSERT INTO `united_front`.`t_group` (`ID`, `CREATEDATE`, `LASTMODIFIEDTIME`, `VERSION`, `NAME`, `REMARK`, `SUBJECTID`, `USERID`, `FATHERID`, `CODE`) VALUES ('402881916b9d3031016b9d7242ce001b', '20190628173719', '20190628173719', '0', '鹿山分院党支部', NULL, '402881916b9d3031016b9d626593000c', NULL, NULL, '11');
INSERT INTO `united_front`.`t_group` (`ID`, `CREATEDATE`, `LASTMODIFIEDTIME`, `VERSION`, `NAME`, `REMARK`, `SUBJECTID`, `USERID`, `FATHERID`, `CODE`) VALUES ('402881916b9d3031016b9d72668d001c', '20190628173728', '20190628173728', '0', '高桥分院党支部', NULL, '402881916b9d3031016b9d626593000c', NULL, NULL, '12');
INSERT INTO `united_front`.`t_group` (`ID`, `CREATEDATE`, `LASTMODIFIEDTIME`, `VERSION`, `NAME`, `REMARK`, `SUBJECTID`, `USERID`, `FATHERID`, `CODE`) VALUES ('402881916b9d3031016b9d72828e001d', '20190628173735', '20190628173735', '0', '受降分院党支部', NULL, '402881916b9d3031016b9d626593000c', NULL, NULL, '13');
INSERT INTO `united_front`.`t_group` (`ID`, `CREATEDATE`, `LASTMODIFIEDTIME`, `VERSION`, `NAME`, `REMARK`, `SUBJECTID`, `USERID`, `FATHERID`, `CODE`) VALUES ('402881916b9d3031016b9d72a582001e', '20190628173744', '20190628173744', '0', '春建分院党支部', NULL, '402881916b9d3031016b9d626593000c', NULL, NULL, '14');
INSERT INTO `united_front`.`t_group` (`ID`, `CREATEDATE`, `LASTMODIFIEDTIME`, `VERSION`, `NAME`, `REMARK`, `SUBJECTID`, `USERID`, `FATHERID`, `CODE`) VALUES ('402881916b9d3031016b9d72c54a001f', '20190628173752', '20190628173752', '0', '新桐分院党支部', NULL, '402881916b9d3031016b9d626593000c', NULL, NULL, '15');
INSERT INTO `united_front`.`t_group` (`ID`, `CREATEDATE`, `LASTMODIFIEDTIME`, `VERSION`, `NAME`, `REMARK`, `SUBJECTID`, `USERID`, `FATHERID`, `CODE`) VALUES ('402881916b9d3031016b9d72e7030020', '20190628173801', '20190628173801', '0', '上官分院党支部', NULL, '402881916b9d3031016b9d626593000c', NULL, NULL, '16');
INSERT INTO `united_front`.`t_group` (`ID`, `CREATEDATE`, `LASTMODIFIEDTIME`, `VERSION`, `NAME`, `REMARK`, `SUBJECTID`, `USERID`, `FATHERID`, `CODE`) VALUES ('402881916b9d3031016b9d7314100021', '20190628173813', '20190628173813', '0', '龙门分院党支部', NULL, '402881916b9d3031016b9d626593000c', NULL, NULL, '17');
INSERT INTO `united_front`.`t_group` (`ID`, `CREATEDATE`, `LASTMODIFIEDTIME`, `VERSION`, `NAME`, `REMARK`, `SUBJECTID`, `USERID`, `FATHERID`, `CODE`) VALUES ('402881916b9d3031016b9d7348360022', '20190628173826', '20190628173826', '0', '环山分院党支部', NULL, '402881916b9d3031016b9d626593000c', NULL, NULL, '18');

INSERT INTO `united_front`.`t_permission` (`ID`, `CREATEDATE`, `LASTMODIFIEDTIME`, `VERSION`, `name`, `code`) VALUES ('6b096419eb094186b003a287b437df4a', '20190517111111', '20190517111111', '1', '删除', 'delete');
INSERT INTO `united_front`.`t_permission` (`ID`, `CREATEDATE`, `LASTMODIFIEDTIME`, `VERSION`, `name`, `code`) VALUES ('76997219849448349afa5b054cc429e3', '20190517111111', '20190517111111', '1', '添加', 'add');
INSERT INTO `united_front`.`t_permission` (`ID`, `CREATEDATE`, `LASTMODIFIEDTIME`, `VERSION`, `name`, `code`) VALUES ('c2a285548e6f46e69e12e04cce26ad8e', '20190517111111', '20190517111111', '1', '查看', 'view');
INSERT INTO `united_front`.`t_permission` (`ID`, `CREATEDATE`, `LASTMODIFIEDTIME`, `VERSION`, `name`, `code`) VALUES ('d25e16b9d6df4eebaa667928f8f65067', '20190517111111', '20190517111111', '1', '发布', 'release');
INSERT INTO `united_front`.`t_permission` (`ID`, `CREATEDATE`, `LASTMODIFIEDTIME`, `VERSION`, `name`, `code`) VALUES ('d5132362687d4eb4861cf1e61ff9bc41', '20190517111111', '20190517111111', '1', '锁定', 'lock');
INSERT INTO `united_front`.`t_permission` (`ID`, `CREATEDATE`, `LASTMODIFIEDTIME`, `VERSION`, `name`, `code`) VALUES ('df6f9d8044194a2ea5a8262cbc06ec06', '20190517111111', '20190517111111', '1', '审核', 'examine');
INSERT INTO `united_front`.`t_permission` (`ID`, `CREATEDATE`, `LASTMODIFIEDTIME`, `VERSION`, `name`, `code`) VALUES ('e061a90da866496b873850cbcf18c683', '20190517111111', '20190517111111', '1', '修改', 'modify');
INSERT INTO `united_front`.`t_permission` (`ID`, `CREATEDATE`, `LASTMODIFIEDTIME`, `VERSION`, `name`, `code`) VALUES ('fba5538b150045a2a1cc487b90e626ef', '20190517111111', '20190517111111', '1', '禁用', 'disable');

INSERT INTO `united_front`.`t_role` (`ID`, `CREATEDATE`, `LASTMODIFIEDTIME`, `VERSION`, `NAME`, `CODE`) VALUES ('4b9c8879a10b4294b5d9fd8c84e2b9d6', '20190517111111', '20190517111111', '1', '管理员', 'admin');
INSERT INTO `united_front`.`t_role` (`ID`, `CREATEDATE`, `LASTMODIFIEDTIME`, `VERSION`, `NAME`, `CODE`) VALUES ('05e00eaa941241ceb93d4017f07540a2', '20190517111111', '20190517111111', '1', '负责人', 'manager');
INSERT INTO `united_front`.`t_role` (`ID`, `CREATEDATE`, `LASTMODIFIEDTIME`, `VERSION`, `NAME`, `CODE`) VALUES ('7aba4e8c7ca446c6877a6601cb113d0d', '20190517111111', '20190517111111', '1', '用户', 'user');
INSERT INTO `united_front`.`t_role` (`ID`, `CREATEDATE`, `LASTMODIFIEDTIME`, `VERSION`, `NAME`, `CODE`) VALUES ('fe53dccd3a9f436fbd68c264e466d206', '20190517111111', '20190517111111', '1', '审核人', 'auditor');
INSERT INTO `united_front`.`t_role` (`ID`, `CREATEDATE`, `LASTMODIFIEDTIME`, `VERSION`, `NAME`, `CODE`) VALUES ('23ba4ba2d9704f2ab63575a9cbc63d7d', '20190517111111', '20190517111111', '1', '发布人', 'publisher');

-- VERSION 2.0 t_industry:行业表基础数据
INSERT INTO `united_front`.`t_role_relation` (`ID`, `CREATEDATE`, `LASTMODIFIEDTIME`, `VERSION`, `USERID`, `ROLEID`, `PERMISSIONID`) VALUES ('0a4655822b07465b898f3154440acc29', '20190517111111', '20190517111111', '1', '0a4179fc06cb49e3ac0db7bcc8cf0882', '4b9c8879a10b4294b5d9fd8c84e2b9d6', '76997219849448349afa5b054cc429e3');
INSERT INTO `united_front`.`t_role_relation` (`ID`, `CREATEDATE`, `LASTMODIFIEDTIME`, `VERSION`, `USERID`, `ROLEID`, `PERMISSIONID`) VALUES ('48e312a9e04f48fe84afc24df8501377', '20190517111111', '20190517111111', '1', '0a4179fc06cb49e3ac0db7bcc8cf0882', '4b9c8879a10b4294b5d9fd8c84e2b9d6', '6b096419eb094186b003a287b437df4a');
INSERT INTO `united_front`.`t_role_relation` (`ID`, `CREATEDATE`, `LASTMODIFIEDTIME`, `VERSION`, `USERID`, `ROLEID`, `PERMISSIONID`) VALUES ('7ac9c448d7104d408807cc5d1af75704', '20190517111111', '20190517111111', '1', '0a4179fc06cb49e3ac0db7bcc8cf0882', '4b9c8879a10b4294b5d9fd8c84e2b9d6', 'd5132362687d4eb4861cf1e61ff9bc41');
INSERT INTO `united_front`.`t_role_relation` (`ID`, `CREATEDATE`, `LASTMODIFIEDTIME`, `VERSION`, `USERID`, `ROLEID`, `PERMISSIONID`) VALUES ('8c32dd07c9ca4bc2b3a0426e11d18c9a', '20190517111111', '20190517111111', '1', '0a4179fc06cb49e3ac0db7bcc8cf0882', '4b9c8879a10b4294b5d9fd8c84e2b9d6', 'd25e16b9d6df4eebaa667928f8f65067');
INSERT INTO `united_front`.`t_role_relation` (`ID`, `CREATEDATE`, `LASTMODIFIEDTIME`, `VERSION`, `USERID`, `ROLEID`, `PERMISSIONID`) VALUES ('a251ac1612184d6385c08a9c35900111', '20190517111111', '20190517111111', '1', '0a4179fc06cb49e3ac0db7bcc8cf0882', '4b9c8879a10b4294b5d9fd8c84e2b9d6', 'e061a90da866496b873850cbcf18c683');
INSERT INTO `united_front`.`t_role_relation` (`ID`, `CREATEDATE`, `LASTMODIFIEDTIME`, `VERSION`, `USERID`, `ROLEID`, `PERMISSIONID`) VALUES ('cc86a52743c549b084799db36515dc4c', '20190517111111', '20190517111111', '1', '0a4179fc06cb49e3ac0db7bcc8cf0882', '4b9c8879a10b4294b5d9fd8c84e2b9d6', 'fba5538b150045a2a1cc487b90e626ef');
INSERT INTO `united_front`.`t_role_relation` (`ID`, `CREATEDATE`, `LASTMODIFIEDTIME`, `VERSION`, `USERID`, `ROLEID`, `PERMISSIONID`) VALUES ('e9c1c56a84e14ab9864b644b189837ee', '20190517111111', '20190517111111', '1', '0a4179fc06cb49e3ac0db7bcc8cf0882', '4b9c8879a10b4294b5d9fd8c84e2b9d6', 'df6f9d8044194a2ea5a8262cbc06ec06');

INSERT INTO `united_front`.`t_industry` (`ID`, `CREATEDATE`, `LASTMODIFIEDTIME`, `VERSION`, `CODE`, `NAME`, `FATHERID`) VALUES ('c44802e6de624581a8452357fc644500','20190730000000','20190730000000',0,'A','农、林、牧、渔业',NULL);
INSERT INTO `united_front`.`t_industry` (`ID`, `CREATEDATE`, `LASTMODIFIEDTIME`, `VERSION`, `CODE`, `NAME`, `FATHERID`) VALUES ('a614a71f14e345b5b4007f36263c9aa0','20190730000000','20190730000000',0,'A01','农业','c44802e6de624581a8452357fc644500');
INSERT INTO `united_front`.`t_industry` (`ID`, `CREATEDATE`, `LASTMODIFIEDTIME`, `VERSION`, `CODE`, `NAME`, `FATHERID`) VALUES ('16866ade43d349708200e4983fa3f71b','20190730000000','20190730000000',0,'A02','林业','c44802e6de624581a8452357fc644500');
INSERT INTO `united_front`.`t_industry` (`ID`, `CREATEDATE`, `LASTMODIFIEDTIME`, `VERSION`, `CODE`, `NAME`, `FATHERID`) VALUES ('6587acb48efd4bfc81bc75345378486e','20190730000000','20190730000000',0,'A03','畜牧业','c44802e6de624581a8452357fc644500');
INSERT INTO `united_front`.`t_industry` (`ID`, `CREATEDATE`, `LASTMODIFIEDTIME`, `VERSION`, `CODE`, `NAME`, `FATHERID`) VALUES ('d1d7469307a342bcb461bbe0716e8ba2','20190730000000','20190730000000',0,'A04','渔业','c44802e6de624581a8452357fc644500');
INSERT INTO `united_front`.`t_industry` (`ID`, `CREATEDATE`, `LASTMODIFIEDTIME`, `VERSION`, `CODE`, `NAME`, `FATHERID`) VALUES ('958166fe7ff34e1496d09d10f9af04a3','20190730000000','20190730000000',0,'A05','农、林、牧、渔服务业','c44802e6de624581a8452357fc644500');
INSERT INTO `united_front`.`t_industry` (`ID`, `CREATEDATE`, `LASTMODIFIEDTIME`, `VERSION`, `CODE`, `NAME`, `FATHERID`) VALUES ('8fbafb4c8cb24840895fe0e7714bd759','20190730000000','20190730000000',0,'B','采矿业',NULL);
INSERT INTO `united_front`.`t_industry` (`ID`, `CREATEDATE`, `LASTMODIFIEDTIME`, `VERSION`, `CODE`, `NAME`, `FATHERID`) VALUES ('e323e071fe47441ab40950cd5599bd70','20190730000000','20190730000000',0,'B06','煤炭开采和洗选业','8fbafb4c8cb24840895fe0e7714bd759');
INSERT INTO `united_front`.`t_industry` (`ID`, `CREATEDATE`, `LASTMODIFIEDTIME`, `VERSION`, `CODE`, `NAME`, `FATHERID`) VALUES ('c3e71e63355a42ed8c023d525af6385f','20190730000000','20190730000000',0,'B07','石油和天然气开采业','8fbafb4c8cb24840895fe0e7714bd759');
INSERT INTO `united_front`.`t_industry` (`ID`, `CREATEDATE`, `LASTMODIFIEDTIME`, `VERSION`, `CODE`, `NAME`, `FATHERID`) VALUES ('7c886abc28cb4b01bef0e1f819bd7822','20190730000000','20190730000000',0,'B08','黑色金属矿采选业','8fbafb4c8cb24840895fe0e7714bd759');
INSERT INTO `united_front`.`t_industry` (`ID`, `CREATEDATE`, `LASTMODIFIEDTIME`, `VERSION`, `CODE`, `NAME`, `FATHERID`) VALUES ('d260c49a541f4a9ea9d94c450985e96e','20190730000000','20190730000000',0,'B09','有色金属矿采选业','8fbafb4c8cb24840895fe0e7714bd759');
INSERT INTO `united_front`.`t_industry` (`ID`, `CREATEDATE`, `LASTMODIFIEDTIME`, `VERSION`, `CODE`, `NAME`, `FATHERID`) VALUES ('431aeb87c770489fb1adab7211c1e7e1','20190730000000','20190730000000',0,'B10','非金属矿采选业','8fbafb4c8cb24840895fe0e7714bd759');
INSERT INTO `united_front`.`t_industry` (`ID`, `CREATEDATE`, `LASTMODIFIEDTIME`, `VERSION`, `CODE`, `NAME`, `FATHERID`) VALUES ('ab914e0af95b4c04aaab02d6fb227b45','20190730000000','20190730000000',0,'B11','其他采矿业','8fbafb4c8cb24840895fe0e7714bd759');
INSERT INTO `united_front`.`t_industry` (`ID`, `CREATEDATE`, `LASTMODIFIEDTIME`, `VERSION`, `CODE`, `NAME`, `FATHERID`) VALUES ('86dd83b28a6a48f594b026f58926c59c','20190730000000','20190730000000',0,'C','制造业',NULL);
INSERT INTO `united_front`.`t_industry` (`ID`, `CREATEDATE`, `LASTMODIFIEDTIME`, `VERSION`, `CODE`, `NAME`, `FATHERID`) VALUES ('182aa4fcaa6c41e78d785eaa172167c2','20190730000000','20190730000000',0,'C13','农副食品加工业','86dd83b28a6a48f594b026f58926c59c');
INSERT INTO `united_front`.`t_industry` (`ID`, `CREATEDATE`, `LASTMODIFIEDTIME`, `VERSION`, `CODE`, `NAME`, `FATHERID`) VALUES ('7d00b10aa1b14582b8802a798c05f000','20190730000000','20190730000000',0,'C14','食品制造业','86dd83b28a6a48f594b026f58926c59c');
INSERT INTO `united_front`.`t_industry` (`ID`, `CREATEDATE`, `LASTMODIFIEDTIME`, `VERSION`, `CODE`, `NAME`, `FATHERID`) VALUES ('3540dfaa9adc4ae787c7610380f85e07','20190730000000','20190730000000',0,'C15','饮料制造业','86dd83b28a6a48f594b026f58926c59c');
INSERT INTO `united_front`.`t_industry` (`ID`, `CREATEDATE`, `LASTMODIFIEDTIME`, `VERSION`, `CODE`, `NAME`, `FATHERID`) VALUES ('2235fd43e5a746a2ad321d00d91b66b6','20190730000000','20190730000000',0,'C16','烟草制品业','86dd83b28a6a48f594b026f58926c59c');
INSERT INTO `united_front`.`t_industry` (`ID`, `CREATEDATE`, `LASTMODIFIEDTIME`, `VERSION`, `CODE`, `NAME`, `FATHERID`) VALUES ('0ec8c7b461cb44a0b309098b5c2c4b6d','20190730000000','20190730000000',0,'C17','纺织业','86dd83b28a6a48f594b026f58926c59c');
INSERT INTO `united_front`.`t_industry` (`ID`, `CREATEDATE`, `LASTMODIFIEDTIME`, `VERSION`, `CODE`, `NAME`, `FATHERID`) VALUES ('60ca21e0e73c4341b0b1a64d45ca3531','20190730000000','20190730000000',0,'C18','纺织服装、鞋、帽制造业','86dd83b28a6a48f594b026f58926c59c');
INSERT INTO `united_front`.`t_industry` (`ID`, `CREATEDATE`, `LASTMODIFIEDTIME`, `VERSION`, `CODE`, `NAME`, `FATHERID`) VALUES ('3f8d35182e274601aeb818d93ba82aa3','20190730000000','20190730000000',0,'C19','皮革、毛皮、羽毛(绒)及其制品业','86dd83b28a6a48f594b026f58926c59c');
INSERT INTO `united_front`.`t_industry` (`ID`, `CREATEDATE`, `LASTMODIFIEDTIME`, `VERSION`, `CODE`, `NAME`, `FATHERID`) VALUES ('5def7bcadd614ba5979663c8a707a124','20190730000000','20190730000000',0,'C20','木材加工及木、竹、藤、棕、草制品业','86dd83b28a6a48f594b026f58926c59c');
INSERT INTO `united_front`.`t_industry` (`ID`, `CREATEDATE`, `LASTMODIFIEDTIME`, `VERSION`, `CODE`, `NAME`, `FATHERID`) VALUES ('5655526d9dd341c3801e1f0c98616536','20190730000000','20190730000000',0,'C21','家具制造业','86dd83b28a6a48f594b026f58926c59c');
INSERT INTO `united_front`.`t_industry` (`ID`, `CREATEDATE`, `LASTMODIFIEDTIME`, `VERSION`, `CODE`, `NAME`, `FATHERID`) VALUES ('9a6e68302d744909a00e915a15fb51c9','20190730000000','20190730000000',0,'C22','造纸及纸制品业','86dd83b28a6a48f594b026f58926c59c');
INSERT INTO `united_front`.`t_industry` (`ID`, `CREATEDATE`, `LASTMODIFIEDTIME`, `VERSION`, `CODE`, `NAME`, `FATHERID`) VALUES ('5a566a04b76d4c8398d076da4fefc989','20190730000000','20190730000000',0,'C23','印刷业和记录媒介的复制','86dd83b28a6a48f594b026f58926c59c');
INSERT INTO `united_front`.`t_industry` (`ID`, `CREATEDATE`, `LASTMODIFIEDTIME`, `VERSION`, `CODE`, `NAME`, `FATHERID`) VALUES ('5919a80fa26d4cff9bd1df6704a5b517','20190730000000','20190730000000',0,'C24','文教体育用品制造业','86dd83b28a6a48f594b026f58926c59c');
INSERT INTO `united_front`.`t_industry` (`ID`, `CREATEDATE`, `LASTMODIFIEDTIME`, `VERSION`, `CODE`, `NAME`, `FATHERID`) VALUES ('b6ccd881230d41e38aac44ecafbc9072','20190730000000','20190730000000',0,'C25','石油加工、炼焦及核燃料加工业','86dd83b28a6a48f594b026f58926c59c');
INSERT INTO `united_front`.`t_industry` (`ID`, `CREATEDATE`, `LASTMODIFIEDTIME`, `VERSION`, `CODE`, `NAME`, `FATHERID`) VALUES ('66b5a85ede2441fc94746e442669b9ac','20190730000000','20190730000000',0,'C26','化学原料及化学制品制造业','86dd83b28a6a48f594b026f58926c59c');
INSERT INTO `united_front`.`t_industry` (`ID`, `CREATEDATE`, `LASTMODIFIEDTIME`, `VERSION`, `CODE`, `NAME`, `FATHERID`) VALUES ('9b4872ee302b44dfb328e39730288b51','20190730000000','20190730000000',0,'C27','医药制造业','86dd83b28a6a48f594b026f58926c59c');
INSERT INTO `united_front`.`t_industry` (`ID`, `CREATEDATE`, `LASTMODIFIEDTIME`, `VERSION`, `CODE`, `NAME`, `FATHERID`) VALUES ('3e330f15ff2f4fed9eabfff70e999402','20190730000000','20190730000000',0,'C2710','化学药品原药制造','9b4872ee302b44dfb328e39730288b51');
INSERT INTO `united_front`.`t_industry` (`ID`, `CREATEDATE`, `LASTMODIFIEDTIME`, `VERSION`, `CODE`, `NAME`, `FATHERID`) VALUES ('a4127909cf7945889ce1d415f00b2ad6','20190730000000','20190730000000',0,'C2720','化学药品制剂制造','9b4872ee302b44dfb328e39730288b51');
INSERT INTO `united_front`.`t_industry` (`ID`, `CREATEDATE`, `LASTMODIFIEDTIME`, `VERSION`, `CODE`, `NAME`, `FATHERID`) VALUES ('c8fe6b27798e4234b8b3b427400f7dfa','20190730000000','20190730000000',0,'C2730','中药饮片加工','9b4872ee302b44dfb328e39730288b51');
INSERT INTO `united_front`.`t_industry` (`ID`, `CREATEDATE`, `LASTMODIFIEDTIME`, `VERSION`, `CODE`, `NAME`, `FATHERID`) VALUES ('4b9870a0747341f7a03e1ef42895f43f','20190730000000','20190730000000',0,'C2740','中成药制造','9b4872ee302b44dfb328e39730288b51');
INSERT INTO `united_front`.`t_industry` (`ID`, `CREATEDATE`, `LASTMODIFIEDTIME`, `VERSION`, `CODE`, `NAME`, `FATHERID`) VALUES ('d6453f47b4dc4881bb1237717a5964d7','20190730000000','20190730000000',0,'C2750','兽用药品制造','9b4872ee302b44dfb328e39730288b51');
INSERT INTO `united_front`.`t_industry` (`ID`, `CREATEDATE`, `LASTMODIFIEDTIME`, `VERSION`, `CODE`, `NAME`, `FATHERID`) VALUES ('3a3df3d18a76492c984fecb6f3073b15','20190730000000','20190730000000',0,'C2760','生物、生化制品的制造','9b4872ee302b44dfb328e39730288b51');
INSERT INTO `united_front`.`t_industry` (`ID`, `CREATEDATE`, `LASTMODIFIEDTIME`, `VERSION`, `CODE`, `NAME`, `FATHERID`) VALUES ('9ddc809588864c2cb3668ae30c0cd9c9','20190730000000','20190730000000',0,'C2770','卫生材料及医药用品制造','9b4872ee302b44dfb328e39730288b51');
INSERT INTO `united_front`.`t_industry` (`ID`, `CREATEDATE`, `LASTMODIFIEDTIME`, `VERSION`, `CODE`, `NAME`, `FATHERID`) VALUES ('1770825bda3e4b59a774be6160d7e425','20190730000000','20190730000000',0,'C28','化学纤维制造业','86dd83b28a6a48f594b026f58926c59c');
INSERT INTO `united_front`.`t_industry` (`ID`, `CREATEDATE`, `LASTMODIFIEDTIME`, `VERSION`, `CODE`, `NAME`, `FATHERID`) VALUES ('27c14cfda43b4f1aa8393838e6471991','20190730000000','20190730000000',0,'C29','橡胶制品业','86dd83b28a6a48f594b026f58926c59c');
INSERT INTO `united_front`.`t_industry` (`ID`, `CREATEDATE`, `LASTMODIFIEDTIME`, `VERSION`, `CODE`, `NAME`, `FATHERID`) VALUES ('2d0bc5302c43458c808dc4a67b60da8d','20190730000000','20190730000000',0,'C30','塑料制品业','86dd83b28a6a48f594b026f58926c59c');
INSERT INTO `united_front`.`t_industry` (`ID`, `CREATEDATE`, `LASTMODIFIEDTIME`, `VERSION`, `CODE`, `NAME`, `FATHERID`) VALUES ('beaac3da0e124b75a7ec76495d2fa507','20190730000000','20190730000000',0,'C31','非金属矿物制品业','86dd83b28a6a48f594b026f58926c59c');
INSERT INTO `united_front`.`t_industry` (`ID`, `CREATEDATE`, `LASTMODIFIEDTIME`, `VERSION`, `CODE`, `NAME`, `FATHERID`) VALUES ('5d0ccca8e58e4ef6b22f44191f00a7b2','20190730000000','20190730000000',0,'C32','黑色金属冶炼及压延加工业','86dd83b28a6a48f594b026f58926c59c');
INSERT INTO `united_front`.`t_industry` (`ID`, `CREATEDATE`, `LASTMODIFIEDTIME`, `VERSION`, `CODE`, `NAME`, `FATHERID`) VALUES ('85e31a394e4e4f77abb8e0adfcf01075','20190730000000','20190730000000',0,'C33','有色金属冶炼及压延加工业','86dd83b28a6a48f594b026f58926c59c');
INSERT INTO `united_front`.`t_industry` (`ID`, `CREATEDATE`, `LASTMODIFIEDTIME`, `VERSION`, `CODE`, `NAME`, `FATHERID`) VALUES ('15d076e57bb6427babcc0f5fea9c8f0a','20190730000000','20190730000000',0,'C34','金属制品业','86dd83b28a6a48f594b026f58926c59c');
INSERT INTO `united_front`.`t_industry` (`ID`, `CREATEDATE`, `LASTMODIFIEDTIME`, `VERSION`, `CODE`, `NAME`, `FATHERID`) VALUES ('e00b5dd11c1c47d597ceb9bb901d4ea8','20190730000000','20190730000000',0,'C35','通用设备制造业','86dd83b28a6a48f594b026f58926c59c');
INSERT INTO `united_front`.`t_industry` (`ID`, `CREATEDATE`, `LASTMODIFIEDTIME`, `VERSION`, `CODE`, `NAME`, `FATHERID`) VALUES ('8d92e5389f9f4dcba9a7f5e8d059300f','20190730000000','20190730000000',0,'C36','专用设备制造业','86dd83b28a6a48f594b026f58926c59c');
INSERT INTO `united_front`.`t_industry` (`ID`, `CREATEDATE`, `LASTMODIFIEDTIME`, `VERSION`, `CODE`, `NAME`, `FATHERID`) VALUES ('724c90095417479281ccfc32f0cb2f2b','20190730000000','20190730000000',0,'C37','交通运输设备制造业','86dd83b28a6a48f594b026f58926c59c');
INSERT INTO `united_front`.`t_industry` (`ID`, `CREATEDATE`, `LASTMODIFIEDTIME`, `VERSION`, `CODE`, `NAME`, `FATHERID`) VALUES ('7dbed11ce2f749d5b48f6277102d591b','20190730000000','20190730000000',0,'C39','电气机械及器材制造业','86dd83b28a6a48f594b026f58926c59c');
INSERT INTO `united_front`.`t_industry` (`ID`, `CREATEDATE`, `LASTMODIFIEDTIME`, `VERSION`, `CODE`, `NAME`, `FATHERID`) VALUES ('a3dc9c9eb7d348d285686e57fcc4c6c2','20190730000000','20190730000000',0,'C40','通信设备、计算机及其他电子设备制造业','86dd83b28a6a48f594b026f58926c59c');
INSERT INTO `united_front`.`t_industry` (`ID`, `CREATEDATE`, `LASTMODIFIEDTIME`, `VERSION`, `CODE`, `NAME`, `FATHERID`) VALUES ('bc8db51e37e54381a99a6524501865fd','20190730000000','20190730000000',0,'C41','仪器仪表及文化、办公用机械制造业','86dd83b28a6a48f594b026f58926c59c');
INSERT INTO `united_front`.`t_industry` (`ID`, `CREATEDATE`, `LASTMODIFIEDTIME`, `VERSION`, `CODE`, `NAME`, `FATHERID`) VALUES ('09eecbd70c884322959540d9c19f0500','20190730000000','20190730000000',0,'C42','工艺品及其他制造业','86dd83b28a6a48f594b026f58926c59c');
INSERT INTO `united_front`.`t_industry` (`ID`, `CREATEDATE`, `LASTMODIFIEDTIME`, `VERSION`, `CODE`, `NAME`, `FATHERID`) VALUES ('6abc87f56eef4f0abb58f01b4af6e9b7','20190730000000','20190730000000',0,'C43','废弃资源和废旧材料回收加工业','86dd83b28a6a48f594b026f58926c59c');
INSERT INTO `united_front`.`t_industry` (`ID`, `CREATEDATE`, `LASTMODIFIEDTIME`, `VERSION`, `CODE`, `NAME`, `FATHERID`) VALUES ('72607aec396b478e8570a6793e09bbda','20190730000000','20190730000000',0,'D','电力、燃气及水的生产和供应业',NULL);
INSERT INTO `united_front`.`t_industry` (`ID`, `CREATEDATE`, `LASTMODIFIEDTIME`, `VERSION`, `CODE`, `NAME`, `FATHERID`) VALUES ('16855652a5244bf99109e07fa693265f','20190730000000','20190730000000',0,'D44','电力、热力的生产和供应业','72607aec396b478e8570a6793e09bbda');
INSERT INTO `united_front`.`t_industry` (`ID`, `CREATEDATE`, `LASTMODIFIEDTIME`, `VERSION`, `CODE`, `NAME`, `FATHERID`) VALUES ('9911cab338e5446ab29bf1a8add91caf','20190730000000','20190730000000',0,'D45','燃气生产和供应业','72607aec396b478e8570a6793e09bbda');
INSERT INTO `united_front`.`t_industry` (`ID`, `CREATEDATE`, `LASTMODIFIEDTIME`, `VERSION`, `CODE`, `NAME`, `FATHERID`) VALUES ('696b8552cebb434996766a4277e97069','20190730000000','20190730000000',0,'D46','水的生产和供应业','72607aec396b478e8570a6793e09bbda');
INSERT INTO `united_front`.`t_industry` (`ID`, `CREATEDATE`, `LASTMODIFIEDTIME`, `VERSION`, `CODE`, `NAME`, `FATHERID`) VALUES ('54eb48a0c34c4e64bdcb43f4682223c3','20190730000000','20190730000000',0,'E','建筑业',NULL);
INSERT INTO `united_front`.`t_industry` (`ID`, `CREATEDATE`, `LASTMODIFIEDTIME`, `VERSION`, `CODE`, `NAME`, `FATHERID`) VALUES ('e6840b02fe6645ce99c73b00d482b34c','20190730000000','20190730000000',0,'E47','房屋和土木工程建筑业','54eb48a0c34c4e64bdcb43f4682223c3');
INSERT INTO `united_front`.`t_industry` (`ID`, `CREATEDATE`, `LASTMODIFIEDTIME`, `VERSION`, `CODE`, `NAME`, `FATHERID`) VALUES ('5a8890f0e4864ac5b6745408570be848','20190730000000','20190730000000',0,'E48','建筑安装业','54eb48a0c34c4e64bdcb43f4682223c3');
INSERT INTO `united_front`.`t_industry` (`ID`, `CREATEDATE`, `LASTMODIFIEDTIME`, `VERSION`, `CODE`, `NAME`, `FATHERID`) VALUES ('70914e4dfc3248c3ab8fb4a038767767','20190730000000','20190730000000',0,'E49','建筑装饰业','54eb48a0c34c4e64bdcb43f4682223c3');
INSERT INTO `united_front`.`t_industry` (`ID`, `CREATEDATE`, `LASTMODIFIEDTIME`, `VERSION`, `CODE`, `NAME`, `FATHERID`) VALUES ('68d33fd899a1414cb128bb6a91002334','20190730000000','20190730000000',0,'E50','其他建筑业','54eb48a0c34c4e64bdcb43f4682223c3');
INSERT INTO `united_front`.`t_industry` (`ID`, `CREATEDATE`, `LASTMODIFIEDTIME`, `VERSION`, `CODE`, `NAME`, `FATHERID`) VALUES ('a4de15138690441b95c46a554831919c','20190730000000','20190730000000',0,'F','交通运输、仓储和邮政业',NULL);
INSERT INTO `united_front`.`t_industry` (`ID`, `CREATEDATE`, `LASTMODIFIEDTIME`, `VERSION`, `CODE`, `NAME`, `FATHERID`) VALUES ('7822744bd5ae4135aea56a0a77504592','20190730000000','20190730000000',0,'F51','铁路运输业','a4de15138690441b95c46a554831919c');
INSERT INTO `united_front`.`t_industry` (`ID`, `CREATEDATE`, `LASTMODIFIEDTIME`, `VERSION`, `CODE`, `NAME`, `FATHERID`) VALUES ('e55130490aed4ed3a41136746b8f1f3f','20190730000000','20190730000000',0,'F52','道路运输业','a4de15138690441b95c46a554831919c');
INSERT INTO `united_front`.`t_industry` (`ID`, `CREATEDATE`, `LASTMODIFIEDTIME`, `VERSION`, `CODE`, `NAME`, `FATHERID`) VALUES ('8678c0e20f7647258849a3c605df70db','20190730000000','20190730000000',0,'F53','城市公共交通业','a4de15138690441b95c46a554831919c');
INSERT INTO `united_front`.`t_industry` (`ID`, `CREATEDATE`, `LASTMODIFIEDTIME`, `VERSION`, `CODE`, `NAME`, `FATHERID`) VALUES ('a5f0f1ab50084ee48755bff07d409690','20190730000000','20190730000000',0,'F54','水上运输业','a4de15138690441b95c46a554831919c');
INSERT INTO `united_front`.`t_industry` (`ID`, `CREATEDATE`, `LASTMODIFIEDTIME`, `VERSION`, `CODE`, `NAME`, `FATHERID`) VALUES ('68c0f81f03774f0c921f028ddbc9f634','20190730000000','20190730000000',0,'F55','航空运输业','a4de15138690441b95c46a554831919c');
INSERT INTO `united_front`.`t_industry` (`ID`, `CREATEDATE`, `LASTMODIFIEDTIME`, `VERSION`, `CODE`, `NAME`, `FATHERID`) VALUES ('3c4342db6408405abaf08c95078b9077','20190730000000','20190730000000',0,'F56','管道运输业','a4de15138690441b95c46a554831919c');
INSERT INTO `united_front`.`t_industry` (`ID`, `CREATEDATE`, `LASTMODIFIEDTIME`, `VERSION`, `CODE`, `NAME`, `FATHERID`) VALUES ('3be2d44e890749358634aa7b7ba9540f','20190730000000','20190730000000',0,'F57','装卸搬运和其他运输服务业','a4de15138690441b95c46a554831919c');
INSERT INTO `united_front`.`t_industry` (`ID`, `CREATEDATE`, `LASTMODIFIEDTIME`, `VERSION`, `CODE`, `NAME`, `FATHERID`) VALUES ('b6fa4da2c44543fbb6fc8e81a8ddd988','20190730000000','20190730000000',0,'F58','仓储业','a4de15138690441b95c46a554831919c');
INSERT INTO `united_front`.`t_industry` (`ID`, `CREATEDATE`, `LASTMODIFIEDTIME`, `VERSION`, `CODE`, `NAME`, `FATHERID`) VALUES ('af63677637d24d26930b4c53f62ea098','20190730000000','20190730000000',0,'F59','邮政业','a4de15138690441b95c46a554831919c');
INSERT INTO `united_front`.`t_industry` (`ID`, `CREATEDATE`, `LASTMODIFIEDTIME`, `VERSION`, `CODE`, `NAME`, `FATHERID`) VALUES ('0f1763829fa74182814a199818beb859','20190730000000','20190730000000',0,'G','信息传输、计算机服务和软件业',NULL);
INSERT INTO `united_front`.`t_industry` (`ID`, `CREATEDATE`, `LASTMODIFIEDTIME`, `VERSION`, `CODE`, `NAME`, `FATHERID`) VALUES ('bdee672b146f4b50a12d9bca6957a953','20190730000000','20190730000000',0,'G60','电信和其他信息传输服务业','0f1763829fa74182814a199818beb859');
INSERT INTO `united_front`.`t_industry` (`ID`, `CREATEDATE`, `LASTMODIFIEDTIME`, `VERSION`, `CODE`, `NAME`, `FATHERID`) VALUES ('26b46d39ab09489b892da35f240b9bfe','20190730000000','20190730000000',0,'G61','计算机服务业','0f1763829fa74182814a199818beb859');
INSERT INTO `united_front`.`t_industry` (`ID`, `CREATEDATE`, `LASTMODIFIEDTIME`, `VERSION`, `CODE`, `NAME`, `FATHERID`) VALUES ('b09c3da02ddd4a3f8caa798ed8156c3c','20190730000000','20190730000000',0,'G6110','计算机系统服务','26b46d39ab09489b892da35f240b9bfe');
INSERT INTO `united_front`.`t_industry` (`ID`, `CREATEDATE`, `LASTMODIFIEDTIME`, `VERSION`, `CODE`, `NAME`, `FATHERID`) VALUES ('8ad1e3e3806149b282d3600a92ea7cd7','20190730000000','20190730000000',0,'G6120','数据处理','26b46d39ab09489b892da35f240b9bfe');
INSERT INTO `united_front`.`t_industry` (`ID`, `CREATEDATE`, `LASTMODIFIEDTIME`, `VERSION`, `CODE`, `NAME`, `FATHERID`) VALUES ('bb620f7583f9445f8900d6efd28fc88e','20190730000000','20190730000000',0,'G6130','计算机维修','26b46d39ab09489b892da35f240b9bfe');
INSERT INTO `united_front`.`t_industry` (`ID`, `CREATEDATE`, `LASTMODIFIEDTIME`, `VERSION`, `CODE`, `NAME`, `FATHERID`) VALUES ('9c91a6c9f25542c792a5dfe1ad0dc845','20190730000000','20190730000000',0,'G6190','其他计算机服务','26b46d39ab09489b892da35f240b9bfe');
INSERT INTO `united_front`.`t_industry` (`ID`, `CREATEDATE`, `LASTMODIFIEDTIME`, `VERSION`, `CODE`, `NAME`, `FATHERID`) VALUES ('ed3f03b8be4940d9b32a7df1be8daf3b','20190730000000','20190730000000',0,'G62','软件业','0f1763829fa74182814a199818beb859');
INSERT INTO `united_front`.`t_industry` (`ID`, `CREATEDATE`, `LASTMODIFIEDTIME`, `VERSION`, `CODE`, `NAME`, `FATHERID`) VALUES ('c13f1e61d28d4f4bbec0338bd72930dc','20190730000000','20190730000000',0,'G6211','基础软件服务','ed3f03b8be4940d9b32a7df1be8daf3b');
INSERT INTO `united_front`.`t_industry` (`ID`, `CREATEDATE`, `LASTMODIFIEDTIME`, `VERSION`, `CODE`, `NAME`, `FATHERID`) VALUES ('abfa8a584eea4d3084bcd637ed05449d','20190730000000','20190730000000',0,'G6212','应用软件服务','ed3f03b8be4940d9b32a7df1be8daf3b');
INSERT INTO `united_front`.`t_industry` (`ID`, `CREATEDATE`, `LASTMODIFIEDTIME`, `VERSION`, `CODE`, `NAME`, `FATHERID`) VALUES ('233eb543084643d69709431325e86040','20190730000000','20190730000000',0,'G6290','其他软件服务','ed3f03b8be4940d9b32a7df1be8daf3b');
INSERT INTO `united_front`.`t_industry` (`ID`, `CREATEDATE`, `LASTMODIFIEDTIME`, `VERSION`, `CODE`, `NAME`, `FATHERID`) VALUES ('91d399a01353434fbdf3c1714802a586','20190730000000','20190730000000',0,'H','批发和零售业',NULL);
INSERT INTO `united_front`.`t_industry` (`ID`, `CREATEDATE`, `LASTMODIFIEDTIME`, `VERSION`, `CODE`, `NAME`, `FATHERID`) VALUES ('ebe50ad957664b8a8916dd38bba1c223','20190730000000','20190730000000',0,'H63','批发业','91d399a01353434fbdf3c1714802a586');
INSERT INTO `united_front`.`t_industry` (`ID`, `CREATEDATE`, `LASTMODIFIEDTIME`, `VERSION`, `CODE`, `NAME`, `FATHERID`) VALUES ('c07114be67c54080918a1ae7bb26342e','20190730000000','20190730000000',0,'H65','零售业','91d399a01353434fbdf3c1714802a586');
INSERT INTO `united_front`.`t_industry` (`ID`, `CREATEDATE`, `LASTMODIFIEDTIME`, `VERSION`, `CODE`, `NAME`, `FATHERID`) VALUES ('89f186c420564aaca8395394b44f8303','20190730000000','20190730000000',0,'I','住宿和餐饮业',NULL);
INSERT INTO `united_front`.`t_industry` (`ID`, `CREATEDATE`, `LASTMODIFIEDTIME`, `VERSION`, `CODE`, `NAME`, `FATHERID`) VALUES ('c3954ae9ad6f417ab57400d67f834ee3','20190730000000','20190730000000',0,'I66','住宿业','89f186c420564aaca8395394b44f8303');
INSERT INTO `united_front`.`t_industry` (`ID`, `CREATEDATE`, `LASTMODIFIEDTIME`, `VERSION`, `CODE`, `NAME`, `FATHERID`) VALUES ('218fd963b15a4df6a952b45e0cda8d88','20190730000000','20190730000000',0,'I67','餐饮业','89f186c420564aaca8395394b44f8303');
INSERT INTO `united_front`.`t_industry` (`ID`, `CREATEDATE`, `LASTMODIFIEDTIME`, `VERSION`, `CODE`, `NAME`, `FATHERID`) VALUES ('aa720a0c7439459885bde024c3b007f6','20190730000000','20190730000000',0,'J','金融业',NULL);
INSERT INTO `united_front`.`t_industry` (`ID`, `CREATEDATE`, `LASTMODIFIEDTIME`, `VERSION`, `CODE`, `NAME`, `FATHERID`) VALUES ('f231fa5a9568419ca955dfc4ec8a2474','20190730000000','20190730000000',0,'J68','银行业','aa720a0c7439459885bde024c3b007f6');
INSERT INTO `united_front`.`t_industry` (`ID`, `CREATEDATE`, `LASTMODIFIEDTIME`, `VERSION`, `CODE`, `NAME`, `FATHERID`) VALUES ('4879c8e57ce34c87b5410c9fa0cb5ee0','20190730000000','20190730000000',0,'J69','证券业','aa720a0c7439459885bde024c3b007f6');
INSERT INTO `united_front`.`t_industry` (`ID`, `CREATEDATE`, `LASTMODIFIEDTIME`, `VERSION`, `CODE`, `NAME`, `FATHERID`) VALUES ('a649736b0dff4f09b66776ee4a9e9472','20190730000000','20190730000000',0,'J70','保险业','aa720a0c7439459885bde024c3b007f6');
INSERT INTO `united_front`.`t_industry` (`ID`, `CREATEDATE`, `LASTMODIFIEDTIME`, `VERSION`, `CODE`, `NAME`, `FATHERID`) VALUES ('40966e19c336405eae66814032971476','20190730000000','20190730000000',0,'J71','其他金融活动','aa720a0c7439459885bde024c3b007f6');
INSERT INTO `united_front`.`t_industry` (`ID`, `CREATEDATE`, `LASTMODIFIEDTIME`, `VERSION`, `CODE`, `NAME`, `FATHERID`) VALUES ('5a25aa12fec849409e7f802a23fcd927','20190730000000','20190730000000',0,'K','房地产业',NULL);
INSERT INTO `united_front`.`t_industry` (`ID`, `CREATEDATE`, `LASTMODIFIEDTIME`, `VERSION`, `CODE`, `NAME`, `FATHERID`) VALUES ('b1ffa24f0e4c4e398dc4cfeba743eb40','20190730000000','20190730000000',0,'K72','房地产业','5a25aa12fec849409e7f802a23fcd927');
INSERT INTO `united_front`.`t_industry` (`ID`, `CREATEDATE`, `LASTMODIFIEDTIME`, `VERSION`, `CODE`, `NAME`, `FATHERID`) VALUES ('3d3c35835b104dc2b3b58e9565bd636f','20190730000000','20190730000000',0,'L','租赁和商务服务业',NULL);
INSERT INTO `united_front`.`t_industry` (`ID`, `CREATEDATE`, `LASTMODIFIEDTIME`, `VERSION`, `CODE`, `NAME`, `FATHERID`) VALUES ('c33340c340ca4e9faa387fa85d5d880b','20190730000000','20190730000000',0,'L73','租赁业','3d3c35835b104dc2b3b58e9565bd636f');
INSERT INTO `united_front`.`t_industry` (`ID`, `CREATEDATE`, `LASTMODIFIEDTIME`, `VERSION`, `CODE`, `NAME`, `FATHERID`) VALUES ('87c628bac1cf49a68ac5c6e502d3835d','20190730000000','20190730000000',0,'L74','商务服务业','3d3c35835b104dc2b3b58e9565bd636f');
INSERT INTO `united_front`.`t_industry` (`ID`, `CREATEDATE`, `LASTMODIFIEDTIME`, `VERSION`, `CODE`, `NAME`, `FATHERID`) VALUES ('cd96f69cd206415c97b064b0e07be926','20190730000000','20190730000000',0,'M','科学研究、技术服务和地质勘查业',NULL);
INSERT INTO `united_front`.`t_industry` (`ID`, `CREATEDATE`, `LASTMODIFIEDTIME`, `VERSION`, `CODE`, `NAME`, `FATHERID`) VALUES ('051f5c8a1e6d4321a25c8fab317a1d3e','20190730000000','20190730000000',0,'M75','研究与试验发展','cd96f69cd206415c97b064b0e07be926');
INSERT INTO `united_front`.`t_industry` (`ID`, `CREATEDATE`, `LASTMODIFIEDTIME`, `VERSION`, `CODE`, `NAME`, `FATHERID`) VALUES ('724ce26bf22e47049fceeb69006ab9a6','20190730000000','20190730000000',0,'M7510','自然科学研究与试验发展','051f5c8a1e6d4321a25c8fab317a1d3e');
INSERT INTO `united_front`.`t_industry` (`ID`, `CREATEDATE`, `LASTMODIFIEDTIME`, `VERSION`, `CODE`, `NAME`, `FATHERID`) VALUES ('ec4092d3446e405d9ef0eb716791b087','20190730000000','20190730000000',0,'M7520','工程和技术研究与试验发展','051f5c8a1e6d4321a25c8fab317a1d3e');
INSERT INTO `united_front`.`t_industry` (`ID`, `CREATEDATE`, `LASTMODIFIEDTIME`, `VERSION`, `CODE`, `NAME`, `FATHERID`) VALUES ('d37e66d6ad2447dbbdcf5e1f6de53cb3','20190730000000','20190730000000',0,'M7530','农业科学研究与试验发展','051f5c8a1e6d4321a25c8fab317a1d3e');
INSERT INTO `united_front`.`t_industry` (`ID`, `CREATEDATE`, `LASTMODIFIEDTIME`, `VERSION`, `CODE`, `NAME`, `FATHERID`) VALUES ('17625db3285549f9a7da4cfa6261bc3f','20190730000000','20190730000000',0,'M7540','医学研究与试验发展','051f5c8a1e6d4321a25c8fab317a1d3e');
INSERT INTO `united_front`.`t_industry` (`ID`, `CREATEDATE`, `LASTMODIFIEDTIME`, `VERSION`, `CODE`, `NAME`, `FATHERID`) VALUES ('22a8dc4b228f41af806e16bf196930e0','20190730000000','20190730000000',0,'M7550','社会人文科学研究与试验发展','051f5c8a1e6d4321a25c8fab317a1d3e');
INSERT INTO `united_front`.`t_industry` (`ID`, `CREATEDATE`, `LASTMODIFIEDTIME`, `VERSION`, `CODE`, `NAME`, `FATHERID`) VALUES ('4e9968afc59d47099c63778a610ea367','20190730000000','20190730000000',0,'M76','专业技术服务业','cd96f69cd206415c97b064b0e07be926');
INSERT INTO `united_front`.`t_industry` (`ID`, `CREATEDATE`, `LASTMODIFIEDTIME`, `VERSION`, `CODE`, `NAME`, `FATHERID`) VALUES ('fd6b6bcd61074e1ea53035f43b1c359b','20190730000000','20190730000000',0,'M77','科技交流和推广服务业','cd96f69cd206415c97b064b0e07be926');
INSERT INTO `united_front`.`t_industry` (`ID`, `CREATEDATE`, `LASTMODIFIEDTIME`, `VERSION`, `CODE`, `NAME`, `FATHERID`) VALUES ('efa79609b6204cd98db5a58348f80c81','20190730000000','20190730000000',0,'M7710','技术推广服务','fd6b6bcd61074e1ea53035f43b1c359b');
INSERT INTO `united_front`.`t_industry` (`ID`, `CREATEDATE`, `LASTMODIFIEDTIME`, `VERSION`, `CODE`, `NAME`, `FATHERID`) VALUES ('9a676f1c2bc442dca50921be4a524247','20190730000000','20190730000000',0,'M7720','科技中介服务','fd6b6bcd61074e1ea53035f43b1c359b');
INSERT INTO `united_front`.`t_industry` (`ID`, `CREATEDATE`, `LASTMODIFIEDTIME`, `VERSION`, `CODE`, `NAME`, `FATHERID`) VALUES ('1cf37c44215543ddac900a8f6255a588','20190730000000','20190730000000',0,'M7790','其他科技服务','fd6b6bcd61074e1ea53035f43b1c359b');
INSERT INTO `united_front`.`t_industry` (`ID`, `CREATEDATE`, `LASTMODIFIEDTIME`, `VERSION`, `CODE`, `NAME`, `FATHERID`) VALUES ('0cb945e38ce54797ba79ae9c3e095e90','20190730000000','20190730000000',0,'M78','地质勘查业','cd96f69cd206415c97b064b0e07be926');
INSERT INTO `united_front`.`t_industry` (`ID`, `CREATEDATE`, `LASTMODIFIEDTIME`, `VERSION`, `CODE`, `NAME`, `FATHERID`) VALUES ('2334d32d07a8441295bf4b3c9a6d8680','20190730000000','20190730000000',0,'N','水利、环境和公共设施管理业',NULL);
INSERT INTO `united_front`.`t_industry` (`ID`, `CREATEDATE`, `LASTMODIFIEDTIME`, `VERSION`, `CODE`, `NAME`, `FATHERID`) VALUES ('e970488f8f85416499b660c643be939b','20190730000000','20190730000000',0,'N79','水利管理业','2334d32d07a8441295bf4b3c9a6d8680');
INSERT INTO `united_front`.`t_industry` (`ID`, `CREATEDATE`, `LASTMODIFIEDTIME`, `VERSION`, `CODE`, `NAME`, `FATHERID`) VALUES ('8c50fb1be3b34bffa533bab3e4913f38','20190730000000','20190730000000',0,'N80','环境管理业','2334d32d07a8441295bf4b3c9a6d8680');
INSERT INTO `united_front`.`t_industry` (`ID`, `CREATEDATE`, `LASTMODIFIEDTIME`, `VERSION`, `CODE`, `NAME`, `FATHERID`) VALUES ('d9bca0ec7f4f4b6bbc1c2dbaf8dd4304','20190730000000','20190730000000',0,'N81','公共设施管理业','2334d32d07a8441295bf4b3c9a6d8680');
INSERT INTO `united_front`.`t_industry` (`ID`, `CREATEDATE`, `LASTMODIFIEDTIME`, `VERSION`, `CODE`, `NAME`, `FATHERID`) VALUES ('821abf7747884315bd8f4b4800fb3478','20190730000000','20190730000000',0,'O','居民服务和其他服务业',NULL);
INSERT INTO `united_front`.`t_industry` (`ID`, `CREATEDATE`, `LASTMODIFIEDTIME`, `VERSION`, `CODE`, `NAME`, `FATHERID`) VALUES ('34a6c21bfeff4b93865f09648595b700','20190730000000','20190730000000',0,'O82','居民服务业','821abf7747884315bd8f4b4800fb3478');
INSERT INTO `united_front`.`t_industry` (`ID`, `CREATEDATE`, `LASTMODIFIEDTIME`, `VERSION`, `CODE`, `NAME`, `FATHERID`) VALUES ('7b97bd2fe75b47deb02d89afb44b216e','20190730000000','20190730000000',0,'O83','其他服务业','821abf7747884315bd8f4b4800fb3478');
INSERT INTO `united_front`.`t_industry` (`ID`, `CREATEDATE`, `LASTMODIFIEDTIME`, `VERSION`, `CODE`, `NAME`, `FATHERID`) VALUES ('c11fc92772cb49e7923f6e575fc2d42b','20190730000000','20190730000000',0,'P','教育',NULL);
INSERT INTO `united_front`.`t_industry` (`ID`, `CREATEDATE`, `LASTMODIFIEDTIME`, `VERSION`, `CODE`, `NAME`, `FATHERID`) VALUES ('35d8a7361dac46b7903a3f6cf71c23eb','20190730000000','20190730000000',0,'P84','教育','c11fc92772cb49e7923f6e575fc2d42b');
INSERT INTO `united_front`.`t_industry` (`ID`, `CREATEDATE`, `LASTMODIFIEDTIME`, `VERSION`, `CODE`, `NAME`, `FATHERID`) VALUES ('882f4d3cef6f4802891d992055c51be1','20190730000000','20190730000000',0,'P8410','学前教育','35d8a7361dac46b7903a3f6cf71c23eb');
INSERT INTO `united_front`.`t_industry` (`ID`, `CREATEDATE`, `LASTMODIFIEDTIME`, `VERSION`, `CODE`, `NAME`, `FATHERID`) VALUES ('d88134868e1848fd80fff3e6f0a8a5e8','20190730000000','20190730000000',0,'P8420','初等教育','35d8a7361dac46b7903a3f6cf71c23eb');
INSERT INTO `united_front`.`t_industry` (`ID`, `CREATEDATE`, `LASTMODIFIEDTIME`, `VERSION`, `CODE`, `NAME`, `FATHERID`) VALUES ('b5f83c96a02b4d8bb1a5df337391c54a','20190730000000','20190730000000',0,'P8431','初中教育','35d8a7361dac46b7903a3f6cf71c23eb');
INSERT INTO `united_front`.`t_industry` (`ID`, `CREATEDATE`, `LASTMODIFIEDTIME`, `VERSION`, `CODE`, `NAME`, `FATHERID`) VALUES ('196c69766bea4c9fb20f4ebe84cf3bc1','20190730000000','20190730000000',0,'P8432','高中教育','35d8a7361dac46b7903a3f6cf71c23eb');
INSERT INTO `united_front`.`t_industry` (`ID`, `CREATEDATE`, `LASTMODIFIEDTIME`, `VERSION`, `CODE`, `NAME`, `FATHERID`) VALUES ('8c5dad54be1b4865b2ac3ef70b243247','20190730000000','20190730000000',0,'P8433','中等专业教育','35d8a7361dac46b7903a3f6cf71c23eb');
INSERT INTO `united_front`.`t_industry` (`ID`, `CREATEDATE`, `LASTMODIFIEDTIME`, `VERSION`, `CODE`, `NAME`, `FATHERID`) VALUES ('51542927335d4648b879dba1140887a3','20190730000000','20190730000000',0,'P8434','职业中学教育','35d8a7361dac46b7903a3f6cf71c23eb');
INSERT INTO `united_front`.`t_industry` (`ID`, `CREATEDATE`, `LASTMODIFIEDTIME`, `VERSION`, `CODE`, `NAME`, `FATHERID`) VALUES ('214d59b1ff8744bab77004e4c6c6ed8c','20190730000000','20190730000000',0,'P8435','技工学校教育','35d8a7361dac46b7903a3f6cf71c23eb');
INSERT INTO `united_front`.`t_industry` (`ID`, `CREATEDATE`, `LASTMODIFIEDTIME`, `VERSION`, `CODE`, `NAME`, `FATHERID`) VALUES ('4b966c46a7264747a9032e527a3c3ec5','20190730000000','20190730000000',0,'P8439','其他中等教育','35d8a7361dac46b7903a3f6cf71c23eb');
INSERT INTO `united_front`.`t_industry` (`ID`, `CREATEDATE`, `LASTMODIFIEDTIME`, `VERSION`, `CODE`, `NAME`, `FATHERID`) VALUES ('3862f1e01fd0441ab5c5323241f21925','20190730000000','20190730000000',0,'P8441','普通高等教育','35d8a7361dac46b7903a3f6cf71c23eb');
INSERT INTO `united_front`.`t_industry` (`ID`, `CREATEDATE`, `LASTMODIFIEDTIME`, `VERSION`, `CODE`, `NAME`, `FATHERID`) VALUES ('0f4ed67925ee410d880025079b6fcaed','20190730000000','20190730000000',0,'P8442','成人高等教育','35d8a7361dac46b7903a3f6cf71c23eb');
INSERT INTO `united_front`.`t_industry` (`ID`, `CREATEDATE`, `LASTMODIFIEDTIME`, `VERSION`, `CODE`, `NAME`, `FATHERID`) VALUES ('d26016a7322a4c67866950015ca97cd1','20190730000000','20190730000000',0,'P8491','职业技能培训','35d8a7361dac46b7903a3f6cf71c23eb');
INSERT INTO `united_front`.`t_industry` (`ID`, `CREATEDATE`, `LASTMODIFIEDTIME`, `VERSION`, `CODE`, `NAME`, `FATHERID`) VALUES ('3a6d2e39ace6480f9f43d0896e9aeca3','20190730000000','20190730000000',0,'P8492','特殊教育','35d8a7361dac46b7903a3f6cf71c23eb');
INSERT INTO `united_front`.`t_industry` (`ID`, `CREATEDATE`, `LASTMODIFIEDTIME`, `VERSION`, `CODE`, `NAME`, `FATHERID`) VALUES ('b39167e94cb042ffa2c8a5e275ff4299','20190730000000','20190730000000',0,'P8499','其他未列明的教育','35d8a7361dac46b7903a3f6cf71c23eb');
INSERT INTO `united_front`.`t_industry` (`ID`, `CREATEDATE`, `LASTMODIFIEDTIME`, `VERSION`, `CODE`, `NAME`, `FATHERID`) VALUES ('3f1926c9d51148e69d13e5b312121793','20190730000000','20190730000000',0,'Q','卫生、社会保障和社会福利业',NULL);
INSERT INTO `united_front`.`t_industry` (`ID`, `CREATEDATE`, `LASTMODIFIEDTIME`, `VERSION`, `CODE`, `NAME`, `FATHERID`) VALUES ('5e30108cc2204971ae4ab736f21d3d92','20190730000000','20190730000000',0,'Q85','卫生','3f1926c9d51148e69d13e5b312121793');
INSERT INTO `united_front`.`t_industry` (`ID`, `CREATEDATE`, `LASTMODIFIEDTIME`, `VERSION`, `CODE`, `NAME`, `FATHERID`) VALUES ('f99ecfeadbaa415abff90f4857cecff8','20190730000000','20190730000000',0,'Q8511','综合医院','5e30108cc2204971ae4ab736f21d3d92');
INSERT INTO `united_front`.`t_industry` (`ID`, `CREATEDATE`, `LASTMODIFIEDTIME`, `VERSION`, `CODE`, `NAME`, `FATHERID`) VALUES ('a5fae29bddee4878974b8a32f5afd8ed','20190730000000','20190730000000',0,'Q8512','中医医院','5e30108cc2204971ae4ab736f21d3d92');
INSERT INTO `united_front`.`t_industry` (`ID`, `CREATEDATE`, `LASTMODIFIEDTIME`, `VERSION`, `CODE`, `NAME`, `FATHERID`) VALUES ('38efcf3565cf402c9b6cd233c3937b5d','20190730000000','20190730000000',0,'Q8513','中西医结合医院','5e30108cc2204971ae4ab736f21d3d92');
INSERT INTO `united_front`.`t_industry` (`ID`, `CREATEDATE`, `LASTMODIFIEDTIME`, `VERSION`, `CODE`, `NAME`, `FATHERID`) VALUES ('26193498f6ef453e836c92441e6b28b4','20190730000000','20190730000000',0,'Q8514','民族医院','5e30108cc2204971ae4ab736f21d3d92');
INSERT INTO `united_front`.`t_industry` (`ID`, `CREATEDATE`, `LASTMODIFIEDTIME`, `VERSION`, `CODE`, `NAME`, `FATHERID`) VALUES ('1a0cde59581549ceb9d504b52ec05a7e','20190730000000','20190730000000',0,'Q8515','专科医院','5e30108cc2204971ae4ab736f21d3d92');
INSERT INTO `united_front`.`t_industry` (`ID`, `CREATEDATE`, `LASTMODIFIEDTIME`, `VERSION`, `CODE`, `NAME`, `FATHERID`) VALUES ('dbcbfbdc9e9a4fb9898c03beb6b22a0b','20190730000000','20190730000000',0,'Q8516','疗养院','5e30108cc2204971ae4ab736f21d3d92');
INSERT INTO `united_front`.`t_industry` (`ID`, `CREATEDATE`, `LASTMODIFIEDTIME`, `VERSION`, `CODE`, `NAME`, `FATHERID`) VALUES ('7eb82e6e6d054638a22b9e2911bea6a3','20190730000000','20190730000000',0,'Q8520','卫生院及社区医疗活动','5e30108cc2204971ae4ab736f21d3d92');
INSERT INTO `united_front`.`t_industry` (`ID`, `CREATEDATE`, `LASTMODIFIEDTIME`, `VERSION`, `CODE`, `NAME`, `FATHERID`) VALUES ('64ddb64f29924eb4b7c02f102be35f87','20190730000000','20190730000000',0,'Q8530','门诊部医疗活动','5e30108cc2204971ae4ab736f21d3d92');
INSERT INTO `united_front`.`t_industry` (`ID`, `CREATEDATE`, `LASTMODIFIEDTIME`, `VERSION`, `CODE`, `NAME`, `FATHERID`) VALUES ('aeb745a39b8443fe9c613fa5bf7b613c','20190730000000','20190730000000',0,'Q8540','计划生育技术服务活动','5e30108cc2204971ae4ab736f21d3d92');
INSERT INTO `united_front`.`t_industry` (`ID`, `CREATEDATE`, `LASTMODIFIEDTIME`, `VERSION`, `CODE`, `NAME`, `FATHERID`) VALUES ('f45b8211a05a47ab904730773bf1a7b9','20190730000000','20190730000000',0,'Q8550','妇幼保健活动','5e30108cc2204971ae4ab736f21d3d92');
INSERT INTO `united_front`.`t_industry` (`ID`, `CREATEDATE`, `LASTMODIFIEDTIME`, `VERSION`, `CODE`, `NAME`, `FATHERID`) VALUES ('2bbffcf037964ec6b43c48766fe25b14','20190730000000','20190730000000',0,'Q8560','专科疾病防治活动','5e30108cc2204971ae4ab736f21d3d92');
INSERT INTO `united_front`.`t_industry` (`ID`, `CREATEDATE`, `LASTMODIFIEDTIME`, `VERSION`, `CODE`, `NAME`, `FATHERID`) VALUES ('e323b78f237a47bf841d0889e36b0cc2','20190730000000','20190730000000',0,'Q8570','疾病预防控制及防疫活动','5e30108cc2204971ae4ab736f21d3d92');
INSERT INTO `united_front`.`t_industry` (`ID`, `CREATEDATE`, `LASTMODIFIEDTIME`, `VERSION`, `CODE`, `NAME`, `FATHERID`) VALUES ('220f5117ea424ae192fcf2777cced92d','20190730000000','20190730000000',0,'Q8590','其他卫生活动','5e30108cc2204971ae4ab736f21d3d92');
INSERT INTO `united_front`.`t_industry` (`ID`, `CREATEDATE`, `LASTMODIFIEDTIME`, `VERSION`, `CODE`, `NAME`, `FATHERID`) VALUES ('bc498109b2e24a53a37e477f6a7bafda','20190730000000','20190730000000',0,'Q86','社会保障业','3f1926c9d51148e69d13e5b312121793');
INSERT INTO `united_front`.`t_industry` (`ID`, `CREATEDATE`, `LASTMODIFIEDTIME`, `VERSION`, `CODE`, `NAME`, `FATHERID`) VALUES ('58729ecf125d432faf36a017e210a74a','20190730000000','20190730000000',0,'Q8600','社会保障业','bc498109b2e24a53a37e477f6a7bafda');
INSERT INTO `united_front`.`t_industry` (`ID`, `CREATEDATE`, `LASTMODIFIEDTIME`, `VERSION`, `CODE`, `NAME`, `FATHERID`) VALUES ('e192aaaf3c194e739b1544d02ac28c7b','20190730000000','20190730000000',0,'Q87','社会福利业','3f1926c9d51148e69d13e5b312121793');
INSERT INTO `united_front`.`t_industry` (`ID`, `CREATEDATE`, `LASTMODIFIEDTIME`, `VERSION`, `CODE`, `NAME`, `FATHERID`) VALUES ('cfe944a74653494488eabec105a03014','20190730000000','20190730000000',0,'R','文化、体育和娱乐业',NULL);
INSERT INTO `united_front`.`t_industry` (`ID`, `CREATEDATE`, `LASTMODIFIEDTIME`, `VERSION`, `CODE`, `NAME`, `FATHERID`) VALUES ('13983e7addc34900897c0d3216deefe7','20190730000000','20190730000000',0,'R88','新闻出版业','cfe944a74653494488eabec105a03014');
INSERT INTO `united_front`.`t_industry` (`ID`, `CREATEDATE`, `LASTMODIFIEDTIME`, `VERSION`, `CODE`, `NAME`, `FATHERID`) VALUES ('7258b302f3384407ab592c33aaf2327d','20190730000000','20190730000000',0,'R8810','新闻业','13983e7addc34900897c0d3216deefe7');
INSERT INTO `united_front`.`t_industry` (`ID`, `CREATEDATE`, `LASTMODIFIEDTIME`, `VERSION`, `CODE`, `NAME`, `FATHERID`) VALUES ('10f36b0bfc1a470daea50ee15c26af26','20190730000000','20190730000000',0,'R8821','图书出版','13983e7addc34900897c0d3216deefe7');
INSERT INTO `united_front`.`t_industry` (`ID`, `CREATEDATE`, `LASTMODIFIEDTIME`, `VERSION`, `CODE`, `NAME`, `FATHERID`) VALUES ('32c454c13b4c44d48e48e59de687a807','20190730000000','20190730000000',0,'R8822','报纸出版','13983e7addc34900897c0d3216deefe7');
INSERT INTO `united_front`.`t_industry` (`ID`, `CREATEDATE`, `LASTMODIFIEDTIME`, `VERSION`, `CODE`, `NAME`, `FATHERID`) VALUES ('92d7dd24039e4bd3beb46770fac2b3e6','20190730000000','20190730000000',0,'R8823','期刊出版','13983e7addc34900897c0d3216deefe7');
INSERT INTO `united_front`.`t_industry` (`ID`, `CREATEDATE`, `LASTMODIFIEDTIME`, `VERSION`, `CODE`, `NAME`, `FATHERID`) VALUES ('6ac85f5b102a4496835c6ae6f1a0c223','20190730000000','20190730000000',0,'R8824','音像制品出版','13983e7addc34900897c0d3216deefe7');
INSERT INTO `united_front`.`t_industry` (`ID`, `CREATEDATE`, `LASTMODIFIEDTIME`, `VERSION`, `CODE`, `NAME`, `FATHERID`) VALUES ('741be4eba76944f590443cbe9653c48f','20190730000000','20190730000000',0,'R8825','电子出版物出版','13983e7addc34900897c0d3216deefe7');
INSERT INTO `united_front`.`t_industry` (`ID`, `CREATEDATE`, `LASTMODIFIEDTIME`, `VERSION`, `CODE`, `NAME`, `FATHERID`) VALUES ('dbb44ecce1c44abc83a0bfc4fa88fb41','20190730000000','20190730000000',0,'R8829','其他出版','13983e7addc34900897c0d3216deefe7');
INSERT INTO `united_front`.`t_industry` (`ID`, `CREATEDATE`, `LASTMODIFIEDTIME`, `VERSION`, `CODE`, `NAME`, `FATHERID`) VALUES ('19cecd2e4b8745228516d163e9c90ee5','20190730000000','20190730000000',0,'R89','广播、电视、电影和音像业','cfe944a74653494488eabec105a03014');
INSERT INTO `united_front`.`t_industry` (`ID`, `CREATEDATE`, `LASTMODIFIEDTIME`, `VERSION`, `CODE`, `NAME`, `FATHERID`) VALUES ('940f1427955542419da5d7f719bbdd1b','20190730000000','20190730000000',0,'R8910','广播','19cecd2e4b8745228516d163e9c90ee5');
INSERT INTO `united_front`.`t_industry` (`ID`, `CREATEDATE`, `LASTMODIFIEDTIME`, `VERSION`, `CODE`, `NAME`, `FATHERID`) VALUES ('6e9eaa91efce4d89bde4562fb2f92c56','20190730000000','20190730000000',0,'R8920','电视','19cecd2e4b8745228516d163e9c90ee5');
INSERT INTO `united_front`.`t_industry` (`ID`, `CREATEDATE`, `LASTMODIFIEDTIME`, `VERSION`, `CODE`, `NAME`, `FATHERID`) VALUES ('0eb8442084734b76b0909edb6fca191e','20190730000000','20190730000000',0,'R8931','电影制作与发行','19cecd2e4b8745228516d163e9c90ee5');
INSERT INTO `united_front`.`t_industry` (`ID`, `CREATEDATE`, `LASTMODIFIEDTIME`, `VERSION`, `CODE`, `NAME`, `FATHERID`) VALUES ('1bc600e094d946389490e459290c83de','20190730000000','20190730000000',0,'R8932','电影放映','19cecd2e4b8745228516d163e9c90ee5');
INSERT INTO `united_front`.`t_industry` (`ID`, `CREATEDATE`, `LASTMODIFIEDTIME`, `VERSION`, `CODE`, `NAME`, `FATHERID`) VALUES ('d5929b39c0c6450d80ce85aa9e2199fc','20190730000000','20190730000000',0,'R8940','音像制作','19cecd2e4b8745228516d163e9c90ee5');
INSERT INTO `united_front`.`t_industry` (`ID`, `CREATEDATE`, `LASTMODIFIEDTIME`, `VERSION`, `CODE`, `NAME`, `FATHERID`) VALUES ('054ffe7ee6774b959b9379cfe6da20b9','20190730000000','20190730000000',0,'R90','文化艺术业','cfe944a74653494488eabec105a03014');
INSERT INTO `united_front`.`t_industry` (`ID`, `CREATEDATE`, `LASTMODIFIEDTIME`, `VERSION`, `CODE`, `NAME`, `FATHERID`) VALUES ('fe0215ce859f4c539d50be60d368aa59','20190730000000','20190730000000',0,'R9010','文艺创作与表演','054ffe7ee6774b959b9379cfe6da20b9');
INSERT INTO `united_front`.`t_industry` (`ID`, `CREATEDATE`, `LASTMODIFIEDTIME`, `VERSION`, `CODE`, `NAME`, `FATHERID`) VALUES ('c621c73be28e4703b9059129f931e5c0','20190730000000','20190730000000',0,'R9020','艺术表演场馆','054ffe7ee6774b959b9379cfe6da20b9');
INSERT INTO `united_front`.`t_industry` (`ID`, `CREATEDATE`, `LASTMODIFIEDTIME`, `VERSION`, `CODE`, `NAME`, `FATHERID`) VALUES ('44e4febd1fbe4552b9730750ae58a536','20190730000000','20190730000000',0,'R9031','图书馆','054ffe7ee6774b959b9379cfe6da20b9');
INSERT INTO `united_front`.`t_industry` (`ID`, `CREATEDATE`, `LASTMODIFIEDTIME`, `VERSION`, `CODE`, `NAME`, `FATHERID`) VALUES ('894383229c514fc4970820bb412af99e','20190730000000','20190730000000',0,'R9032','档案馆','054ffe7ee6774b959b9379cfe6da20b9');
INSERT INTO `united_front`.`t_industry` (`ID`, `CREATEDATE`, `LASTMODIFIEDTIME`, `VERSION`, `CODE`, `NAME`, `FATHERID`) VALUES ('a859b49701db48418482f0991053dbe8','20190730000000','20190730000000',0,'R9040','文物及文化保护','054ffe7ee6774b959b9379cfe6da20b9');
INSERT INTO `united_front`.`t_industry` (`ID`, `CREATEDATE`, `LASTMODIFIEDTIME`, `VERSION`, `CODE`, `NAME`, `FATHERID`) VALUES ('02e45fd536384899b540e9154ef859a3','20190730000000','20190730000000',0,'R9050','博物馆','054ffe7ee6774b959b9379cfe6da20b9');
INSERT INTO `united_front`.`t_industry` (`ID`, `CREATEDATE`, `LASTMODIFIEDTIME`, `VERSION`, `CODE`, `NAME`, `FATHERID`) VALUES ('1d1f6755012a455dbb56e17d94fbbdbf','20190730000000','20190730000000',0,'R9070','群众文化活动','054ffe7ee6774b959b9379cfe6da20b9');
INSERT INTO `united_front`.`t_industry` (`ID`, `CREATEDATE`, `LASTMODIFIEDTIME`, `VERSION`, `CODE`, `NAME`, `FATHERID`) VALUES ('e6b2b0c2531442a4b9edeb8f9c0354a1','20190730000000','20190730000000',0,'R9080','文化艺术经纪代理','054ffe7ee6774b959b9379cfe6da20b9');
INSERT INTO `united_front`.`t_industry` (`ID`, `CREATEDATE`, `LASTMODIFIEDTIME`, `VERSION`, `CODE`, `NAME`, `FATHERID`) VALUES ('7bd6d046bc514ce4b44159e824f9fc35','20190730000000','20190730000000',0,'R9090','其他文化艺术','054ffe7ee6774b959b9379cfe6da20b9');
INSERT INTO `united_front`.`t_industry` (`ID`, `CREATEDATE`, `LASTMODIFIEDTIME`, `VERSION`, `CODE`, `NAME`, `FATHERID`) VALUES ('49b44666f5be40e8b095f0a9b34a44ac','20190730000000','20190730000000',0,'R91','体育','cfe944a74653494488eabec105a03014');
INSERT INTO `united_front`.`t_industry` (`ID`, `CREATEDATE`, `LASTMODIFIEDTIME`, `VERSION`, `CODE`, `NAME`, `FATHERID`) VALUES ('ffa2f492499b41aaa8fd7fe5c2d67c8b','20190730000000','20190730000000',0,'R9110','体育组织','49b44666f5be40e8b095f0a9b34a44ac');
INSERT INTO `united_front`.`t_industry` (`ID`, `CREATEDATE`, `LASTMODIFIEDTIME`, `VERSION`, `CODE`, `NAME`, `FATHERID`) VALUES ('f64a1e0076544799948e30974041836d','20190730000000','20190730000000',0,'R9120','体育场馆','49b44666f5be40e8b095f0a9b34a44ac');
INSERT INTO `united_front`.`t_industry` (`ID`, `CREATEDATE`, `LASTMODIFIEDTIME`, `VERSION`, `CODE`, `NAME`, `FATHERID`) VALUES ('f2dc0a1e42a04d4b8cdd334dd4f118fb','20190730000000','20190730000000',0,'R9190','其他体育','49b44666f5be40e8b095f0a9b34a44ac');
INSERT INTO `united_front`.`t_industry` (`ID`, `CREATEDATE`, `LASTMODIFIEDTIME`, `VERSION`, `CODE`, `NAME`, `FATHERID`) VALUES ('ff70723e859e4299aaec6dc4f77d1679','20190730000000','20190730000000',0,'R92','娱乐业','cfe944a74653494488eabec105a03014');
INSERT INTO `united_front`.`t_industry` (`ID`, `CREATEDATE`, `LASTMODIFIEDTIME`, `VERSION`, `CODE`, `NAME`, `FATHERID`) VALUES ('b7792833a6c54f7298c137d2a67410c2','20190730000000','20190730000000',0,'S','公共管理和社会组织',NULL);
INSERT INTO `united_front`.`t_industry` (`ID`, `CREATEDATE`, `LASTMODIFIEDTIME`, `VERSION`, `CODE`, `NAME`, `FATHERID`) VALUES ('5d1e7ad1f88b4f59a0e08b4d535c4322','20190730000000','20190730000000',0,'S93','中国共产党机关','b7792833a6c54f7298c137d2a67410c2');
INSERT INTO `united_front`.`t_industry` (`ID`, `CREATEDATE`, `LASTMODIFIEDTIME`, `VERSION`, `CODE`, `NAME`, `FATHERID`) VALUES ('3454f1de862444bd913c2740ef7a2448','20190730000000','20190730000000',0,'S94','国家机构','b7792833a6c54f7298c137d2a67410c2');
INSERT INTO `united_front`.`t_industry` (`ID`, `CREATEDATE`, `LASTMODIFIEDTIME`, `VERSION`, `CODE`, `NAME`, `FATHERID`) VALUES ('4ec3451acf3240fdb9b646ea30af82d6','20190730000000','20190730000000',0,'S95','人民政协和民主党派','b7792833a6c54f7298c137d2a67410c2');
INSERT INTO `united_front`.`t_industry` (`ID`, `CREATEDATE`, `LASTMODIFIEDTIME`, `VERSION`, `CODE`, `NAME`, `FATHERID`) VALUES ('681f7ba1fee845ba9f5d880c8821e2d7','20190730000000','20190730000000',0,'S96','群众团体、社会团体和宗教组织','b7792833a6c54f7298c137d2a67410c2');
INSERT INTO `united_front`.`t_industry` (`ID`, `CREATEDATE`, `LASTMODIFIEDTIME`, `VERSION`, `CODE`, `NAME`, `FATHERID`) VALUES ('af0eda620370410cb80d0373a326d990','20190730000000','20190730000000',0,'S97','基层群众自治组织','b7792833a6c54f7298c137d2a67410c2');
INSERT INTO `united_front`.`t_industry` (`ID`, `CREATEDATE`, `LASTMODIFIEDTIME`, `VERSION`, `CODE`, `NAME`, `FATHERID`) VALUES ('2ffdd0afd77744839331dded8cd65995','20190730000000','20190730000000',0,'T','国际组织',NULL);
INSERT INTO `united_front`.`t_industry` (`ID`, `CREATEDATE`, `LASTMODIFIEDTIME`, `VERSION`, `CODE`, `NAME`, `FATHERID`) VALUES ('1154cc853e0d448e96c7bff44a87932c','20190730000000','20190730000000',0,'T98','国际组织','2ffdd0afd77744839331dded8cd65995');
