INSERT INTO `ayundao`.`t_subject` (`ID`, `CREATEDATE`, `LASTMODIFIEDTIME`, `VERSION`, `NAME`, `SUBJECT_TYPE`, `CODE`) VALUES ('402881916b9d3031016b9d626593000c', '20190628171959', '20190628171959', '0', '分院党组织', '1', '1');
INSERT INTO `ayundao`.`t_subject` (`ID`, `CREATEDATE`, `LASTMODIFIEDTIME`, `VERSION`, `NAME`, `SUBJECT_TYPE`, `CODE`) VALUES ('bfc5bd62010f467cbbe98c9e4741733b', '20190628000000', '20190628000000', '0', '富阳人民医院', '1', '0');
INSERT INTO `ayundao`.`t_user` (`ID`, `CREATEDATE`, `LASTMODIFIEDTIME`, `VERSION`, `ACCOUNT`, `NAME`, `PASSWORD`, `SALT`, `SEX`, `STATUS`, `USERTYPE`, `REMARK`, `CODE`) VALUES ('0a4179fc06cb49e3ac0db7bcc8cf0882', '20190517111111', '20190517111111', '0', 'admin', '管理员', 'b356a1a11a067620275401a5a3de04300bf0c47267071e06', '3a10624a300f4670', '0', '2', '1', '未填写', '');

INSERT INTO `ayundao`.`t_groups` (`ID`, `CREATEDATE`, `LASTMODIFIEDTIME`, `VERSION`, `NAME`, `REMARK`, `SUBJECTID`, `USERID`, `FATHERID`, `CODE`) VALUES ('402881916b9d3031016b9d63a172000d', '20190628172120', '20190628172120', '0', '行政支部', NULL, 'bfc5bd62010f467cbbe98c9e4741733b', NULL, NULL, '0');
INSERT INTO `ayundao`.`t_groups` (`ID`, `CREATEDATE`, `LASTMODIFIEDTIME`, `VERSION`, `NAME`, `REMARK`, `SUBJECTID`, `USERID`, `FATHERID`, `CODE`) VALUES ('402881916b9d3031016b9d63d7af000e', '20190628172134', '20190628172134', '0', '后勤支部', NULL, 'bfc5bd62010f467cbbe98c9e4741733b', NULL, NULL, '1');
INSERT INTO `ayundao`.`t_groups` (`ID`, `CREATEDATE`, `LASTMODIFIEDTIME`, `VERSION`, `NAME`, `REMARK`, `SUBJECTID`, `USERID`, `FATHERID`, `CODE`) VALUES ('402881916b9d3031016b9d706b4e0012', '20190628173518', '20190628173518', '0', '内科一支部', NULL, 'bfc5bd62010f467cbbe98c9e4741733b', NULL, NULL, '2');
INSERT INTO `ayundao`.`t_groups` (`ID`, `CREATEDATE`, `LASTMODIFIEDTIME`, `VERSION`, `NAME`, `REMARK`, `SUBJECTID`, `USERID`, `FATHERID`, `CODE`) VALUES ('402881916b9d3031016b9d708a710013', '20190628173526', '20190628173526', '0', '内科二支部', NULL, 'bfc5bd62010f467cbbe98c9e4741733b', NULL, NULL, '3');
INSERT INTO `ayundao`.`t_groups` (`ID`, `CREATEDATE`, `LASTMODIFIEDTIME`, `VERSION`, `NAME`, `REMARK`, `SUBJECTID`, `USERID`, `FATHERID`, `CODE`) VALUES ('402881916b9d3031016b9d70b2510014', '20190628173537', '20190628173537', '0', '外科一支部', NULL, 'bfc5bd62010f467cbbe98c9e4741733b', NULL, NULL, '4');
INSERT INTO `ayundao`.`t_groups` (`ID`, `CREATEDATE`, `LASTMODIFIEDTIME`, `VERSION`, `NAME`, `REMARK`, `SUBJECTID`, `USERID`, `FATHERID`, `CODE`) VALUES ('402881916b9d3031016b9d70de800015', '20190628173548', '20190628173548', '0', '外科二支部', NULL, 'bfc5bd62010f467cbbe98c9e4741733b', NULL, NULL, '5');
INSERT INTO `ayundao`.`t_groups` (`ID`, `CREATEDATE`, `LASTMODIFIEDTIME`, `VERSION`, `NAME`, `REMARK`, `SUBJECTID`, `USERID`, `FATHERID`, `CODE`) VALUES ('402881916b9d3031016b9d70ff540016', '20190628173556', '20190628173556', '0', '医技支部', NULL, 'bfc5bd62010f467cbbe98c9e4741733b', NULL, NULL, '6');
INSERT INTO `ayundao`.`t_groups` (`ID`, `CREATEDATE`, `LASTMODIFIEDTIME`, `VERSION`, `NAME`, `REMARK`, `SUBJECTID`, `USERID`, `FATHERID`, `CODE`) VALUES ('402881916b9d3031016b9d7124b30017', '20190628173606', '20190628173606', '0', '退休一支部', NULL, 'bfc5bd62010f467cbbe98c9e4741733b', NULL, NULL, '7');
INSERT INTO `ayundao`.`t_groups` (`ID`, `CREATEDATE`, `LASTMODIFIEDTIME`, `VERSION`, `NAME`, `REMARK`, `SUBJECTID`, `USERID`, `FATHERID`, `CODE`) VALUES ('402881916b9d3031016b9d7146d10018', '20190628173615', '20190628173615', '0', '退休二支部', NULL, 'bfc5bd62010f467cbbe98c9e4741733b', NULL, NULL, '8');
INSERT INTO `ayundao`.`t_groups` (`ID`, `CREATEDATE`, `LASTMODIFIEDTIME`, `VERSION`, `NAME`, `REMARK`, `SUBJECTID`, `USERID`, `FATHERID`, `CODE`) VALUES ('402881916b9d3031016b9d71e7dc0019', '20190628173656', '20190628173656', '0', '场口分院党支部', NULL, '402881916b9d3031016b9d626593000c', NULL, NULL, '9');
INSERT INTO `ayundao`.`t_groups` (`ID`, `CREATEDATE`, `LASTMODIFIEDTIME`, `VERSION`, `NAME`, `REMARK`, `SUBJECTID`, `USERID`, `FATHERID`, `CODE`) VALUES ('402881916b9d3031016b9d721c9d001a', '20190628173709', '20190628173709', '0', '富春分院党支部', NULL, '402881916b9d3031016b9d626593000c', NULL, NULL, '10');
INSERT INTO `ayundao`.`t_groups` (`ID`, `CREATEDATE`, `LASTMODIFIEDTIME`, `VERSION`, `NAME`, `REMARK`, `SUBJECTID`, `USERID`, `FATHERID`, `CODE`) VALUES ('402881916b9d3031016b9d7242ce001b', '20190628173719', '20190628173719', '0', '鹿山分院党支部', NULL, '402881916b9d3031016b9d626593000c', NULL, NULL, '11');
INSERT INTO `ayundao`.`t_groups` (`ID`, `CREATEDATE`, `LASTMODIFIEDTIME`, `VERSION`, `NAME`, `REMARK`, `SUBJECTID`, `USERID`, `FATHERID`, `CODE`) VALUES ('402881916b9d3031016b9d72668d001c', '20190628173728', '20190628173728', '0', '高桥分院党支部', NULL, '402881916b9d3031016b9d626593000c', NULL, NULL, '12');
INSERT INTO `ayundao`.`t_groups` (`ID`, `CREATEDATE`, `LASTMODIFIEDTIME`, `VERSION`, `NAME`, `REMARK`, `SUBJECTID`, `USERID`, `FATHERID`, `CODE`) VALUES ('402881916b9d3031016b9d72828e001d', '20190628173735', '20190628173735', '0', '受降分院党支部', NULL, '402881916b9d3031016b9d626593000c', NULL, NULL, '13');
INSERT INTO `ayundao`.`t_groups` (`ID`, `CREATEDATE`, `LASTMODIFIEDTIME`, `VERSION`, `NAME`, `REMARK`, `SUBJECTID`, `USERID`, `FATHERID`, `CODE`) VALUES ('402881916b9d3031016b9d72a582001e', '20190628173744', '20190628173744', '0', '春建分院党支部', NULL, '402881916b9d3031016b9d626593000c', NULL, NULL, '14');
INSERT INTO `ayundao`.`t_groups` (`ID`, `CREATEDATE`, `LASTMODIFIEDTIME`, `VERSION`, `NAME`, `REMARK`, `SUBJECTID`, `USERID`, `FATHERID`, `CODE`) VALUES ('402881916b9d3031016b9d72c54a001f', '20190628173752', '20190628173752', '0', '新桐分院党支部', NULL, '402881916b9d3031016b9d626593000c', NULL, NULL, '15');
INSERT INTO `ayundao`.`t_groups` (`ID`, `CREATEDATE`, `LASTMODIFIEDTIME`, `VERSION`, `NAME`, `REMARK`, `SUBJECTID`, `USERID`, `FATHERID`, `CODE`) VALUES ('402881916b9d3031016b9d72e7030020', '20190628173801', '20190628173801', '0', '上官分院党支部', NULL, '402881916b9d3031016b9d626593000c', NULL, NULL, '16');
INSERT INTO `ayundao`.`t_groups` (`ID`, `CREATEDATE`, `LASTMODIFIEDTIME`, `VERSION`, `NAME`, `REMARK`, `SUBJECTID`, `USERID`, `FATHERID`, `CODE`) VALUES ('402881916b9d3031016b9d7314100021', '20190628173813', '20190628173813', '0', '龙门分院党支部', NULL, '402881916b9d3031016b9d626593000c', NULL, NULL, '17');
INSERT INTO `ayundao`.`t_groups` (`ID`, `CREATEDATE`, `LASTMODIFIEDTIME`, `VERSION`, `NAME`, `REMARK`, `SUBJECTID`, `USERID`, `FATHERID`, `CODE`) VALUES ('402881916b9d3031016b9d7348360022', '20190628173826', '20190628173826', '0', '环山分院党支部', NULL, '402881916b9d3031016b9d626593000c', NULL, NULL, '18');

INSERT INTO `ayundao`.`t_permission` (`ID`, `CREATEDATE`, `LASTMODIFIEDTIME`, `VERSION`, `name`, `code`) VALUES ('6b096419eb094186b003a287b437df4a', '20190517111111', '20190517111111', '1', '删除', 'delete');
INSERT INTO `ayundao`.`t_permission` (`ID`, `CREATEDATE`, `LASTMODIFIEDTIME`, `VERSION`, `name`, `code`) VALUES ('76997219849448349afa5b054cc429e3', '20190517111111', '20190517111111', '1', '添加', 'add');
INSERT INTO `ayundao`.`t_permission` (`ID`, `CREATEDATE`, `LASTMODIFIEDTIME`, `VERSION`, `name`, `code`) VALUES ('c2a285548e6f46e69e12e04cce26ad8e', '20190517111111', '20190517111111', '1', '查看', 'view');
INSERT INTO `ayundao`.`t_permission` (`ID`, `CREATEDATE`, `LASTMODIFIEDTIME`, `VERSION`, `name`, `code`) VALUES ('d25e16b9d6df4eebaa667928f8f65067', '20190517111111', '20190517111111', '1', '发布', 'release');
INSERT INTO `ayundao`.`t_permission` (`ID`, `CREATEDATE`, `LASTMODIFIEDTIME`, `VERSION`, `name`, `code`) VALUES ('d5132362687d4eb4861cf1e61ff9bc41', '20190517111111', '20190517111111', '1', '锁定', 'lock');
INSERT INTO `ayundao`.`t_permission` (`ID`, `CREATEDATE`, `LASTMODIFIEDTIME`, `VERSION`, `name`, `code`) VALUES ('df6f9d8044194a2ea5a8262cbc06ec06', '20190517111111', '20190517111111', '1', '审核', 'examine');
INSERT INTO `ayundao`.`t_permission` (`ID`, `CREATEDATE`, `LASTMODIFIEDTIME`, `VERSION`, `name`, `code`) VALUES ('e061a90da866496b873850cbcf18c683', '20190517111111', '20190517111111', '1', '修改', 'modify');
INSERT INTO `ayundao`.`t_permission` (`ID`, `CREATEDATE`, `LASTMODIFIEDTIME`, `VERSION`, `name`, `code`) VALUES ('fba5538b150045a2a1cc487b90e626ef', '20190517111111', '20190517111111', '1', '禁用', 'disable');

INSERT INTO `ayundao`.`t_role` (`ID`, `CREATEDATE`, `LASTMODIFIEDTIME`, `VERSION`, `NAME`, `CODE`, `INFO1`, `INFO2`, `INFO3`, `INFO4`, `INFO5`) VALUES ('4b9c8879a10b4294b5d9fd8c84e2b9d6', '20190517111111', '20190517111111', '1', '管理员', 'admin', NULL, NULL, NULL, NULL, NULL);
INSERT INTO `ayundao`.`t_role` (`ID`, `CREATEDATE`, `LASTMODIFIEDTIME`, `VERSION`, `NAME`, `CODE`, `INFO1`, `INFO2`, `INFO3`, `INFO4`, `INFO5`) VALUES ('05e00eaa941241ceb93d4017f07540a2', '20190517111111', '20190517111111', '1', '负责人', 'manager', NULL, NULL, NULL, NULL, NULL);
INSERT INTO `ayundao`.`t_role` (`ID`, `CREATEDATE`, `LASTMODIFIEDTIME`, `VERSION`, `NAME`, `CODE`, `INFO1`, `INFO2`, `INFO3`, `INFO4`, `INFO5`) VALUES ('7aba4e8c7ca446c6877a6601cb113d0d', '20190517111111', '20190517111111', '1', '用户', 'user', NULL, NULL, NULL, NULL, NULL);
INSERT INTO `ayundao`.`t_role` (`ID`, `CREATEDATE`, `LASTMODIFIEDTIME`, `VERSION`, `NAME`, `CODE`, `INFO1`, `INFO2`, `INFO3`, `INFO4`, `INFO5`) VALUES ('fe53dccd3a9f436fbd68c264e466d206', '20190517111111', '20190517111111', '1', '审核人', 'auditor', NULL, NULL, NULL, NULL, NULL);
INSERT INTO `ayundao`.`t_role` (`ID`, `CREATEDATE`, `LASTMODIFIEDTIME`, `VERSION`, `NAME`, `CODE`, `INFO1`, `INFO2`, `INFO3`, `INFO4`, `INFO5`) VALUES ('23ba4ba2d9704f2ab63575a9cbc63d7d', '20190517111111', '20190517111111', '1', '发布人', 'publisher', NULL, NULL, NULL, NULL, NULL);
